{
    "round_results": [
        {
            "round": 1,
            "loss": 0.13729967176914215,
            "accuracy": 0.9624000191688538
        },
        {
            "round": 2,
            "loss": 0.06921656429767609,
            "accuracy": 0.9771000146865845
        },
        {
            "round": 3,
            "loss": 0.05474882945418358,
            "accuracy": 0.9824000000953674
        }
    ],
    "best_accuracy": 0.9824000000953674,
    "total_rounds": 3,
    "final_accuracy": 0.9824000000953674,
    "final_loss": 0.05474882945418358
}