{
    "client_id": 1,
    "description": "Training with digits 0, 1, 2",
    "allowed_labels": [
        0,
        1,
        2
    ],
    "train": {
        "total_samples": 18623,
        "labels_distribution": {
            "0": {
                "count": 5923,
                "percentage": 31.804757557858558
            },
            "1": {
                "count": 6742,
                "percentage": 36.20254523975729
            },
            "2": {
                "count": 5958,
                "percentage": 31.992697202384146
            }
        }
    },
    "test": {
        "total_samples": 3147,
        "labels_distribution": {
            "0": {
                "count": 980,
                "percentage": 31.14076898633619
            },
            "1": {
                "count": 1135,
                "percentage": 36.06609469335875
            },
            "2": {
                "count": 1032,
                "percentage": 32.79313632030505
            }
        }
    }
}